City_ID,City,Lat,Lng,Max Temp,Humidity,Cloudiness,Wind Speed,Country,Date
0,Albany,42.6001,-73.9662,40.8,49,0,9.04,US,2021-12-13 00:22:36
1,Mount Isa,-20.7333,139.5,98.37,9,7,6.91,AU,2021-12-13 00:25:42
2,Pisco,-13.7,-76.2167,66.25,88,20,14.97,PE,2021-12-13 00:27:17
3,Bluff,-46.6,168.3333,65.8,71,20,9.26,NZ,2021-12-13 00:27:17
4,Rikitea,-23.1203,-134.9692,77.81,75,88,7.85,PF,2021-12-13 00:27:18
5,Mataura,-46.1927,168.8643,65.48,36,54,3.74,NZ,2021-12-13 00:27:18
6,Daloa,6.8774,-6.4502,73.98,78,7,3.09,CI,2021-12-13 00:27:18
7,Manakara,-22.1333,48.0167,73.42,84,37,2.28,MG,2021-12-13 00:27:18
8,Saskylakh,71.9167,114.0833,-44.7,100,71,3.49,RU,2021-12-13 00:27:19
9,Chongwe,-15.3292,28.682,71.11,40,70,3.62,ZM,2021-12-13 00:27:19
10,Mitu,1.1983,-70.1733,75.43,89,85,2.53,CO,2021-12-13 00:27:19
11,Cherskiy,68.75,161.3,-42.83,100,53,1.72,RU,2021-12-13 00:27:20
12,Juba,4.8517,31.5825,76.17,32,82,0.98,SS,2021-12-13 00:25:10
13,Bukavu,-2.5083,28.8608,61.3,91,100,1.19,CD,2021-12-13 00:27:20
14,Mazatlan,23.2167,-106.4167,75.9,83,20,1.01,MX,2021-12-13 00:25:17
15,Lasa,46.6166,10.7002,40.08,93,66,6.76,IT,2021-12-13 00:23:56
16,Rong Kwang,18.339,100.3174,60.28,76,3,2.98,TH,2021-12-13 00:27:20
17,Lumsden,50.6501,-104.8678,33.08,82,56,10.2,CA,2021-12-13 00:27:20
18,Christchurch,-43.5333,172.6333,65.48,72,90,7.0,NZ,2021-12-13 00:27:21
19,Upernavik,72.7868,-56.1549,6.13,92,100,11.07,GL,2021-12-13 00:27:21
20,Puerto Ayora,-0.7393,-90.3518,68.56,96,99,4.0,EC,2021-12-13 00:27:21
21,Marinette,45.1,-87.6307,37.89,64,1,10.36,US,2021-12-13 00:27:22
22,Nemuro,43.3236,145.575,32.43,62,17,31.9,JP,2021-12-13 00:27:22
23,Georgetown,5.4112,100.3354,76.95,83,20,2.3,MY,2021-12-13 00:27:22
24,Qaanaaq,77.484,-69.3632,-3.91,72,76,4.79,GL,2021-12-13 00:27:22
25,Egvekinot,66.3167,-179.1667,-22.83,80,1,6.58,RU,2021-12-13 00:27:23
26,Maragogi,-9.0122,-35.2225,78.85,80,27,11.14,BR,2021-12-13 00:23:03
27,Cape Town,-33.9258,18.4232,65.08,81,0,1.99,ZA,2021-12-13 00:25:33
28,Ushuaia,-54.8,-68.3,42.46,61,75,25.32,AR,2021-12-13 00:22:42
29,Lebu,-37.6167,-73.65,54.57,73,6,8.48,CL,2021-12-13 00:27:23
30,Tahoua,14.8888,5.2692,71.58,16,0,6.91,NE,2021-12-13 00:27:23
31,Fortuna,40.5982,-124.1573,52.14,87,90,7.0,US,2021-12-13 00:27:24
32,Kruisfontein,-34.0033,24.7314,68.88,96,100,7.11,ZA,2021-12-13 00:27:24
33,Bathsheba,13.2167,-59.5167,81.21,78,40,19.57,BB,2021-12-13 00:27:24
34,Nanortalik,60.1432,-45.2371,21.85,77,39,8.99,GL,2021-12-13 00:27:24
35,Mayumba,-3.432,10.6554,76.39,90,93,1.32,GA,2021-12-13 00:27:25
36,Beringovskiy,63.05,179.3167,-15.45,99,100,13.96,RU,2021-12-13 00:22:30
37,Tasiilaq,65.6145,-37.6368,35.76,81,100,12.41,GL,2021-12-13 00:27:25
38,Busselton,-33.65,115.3333,61.05,52,100,7.52,AU,2021-12-13 00:27:25
39,Khasan,42.4308,130.6434,20.89,46,0,15.95,RU,2021-12-13 00:27:26
40,Bredasdorp,-34.5322,20.0403,61.92,88,100,3.44,ZA,2021-12-13 00:27:26
41,Manjacaze,-24.7117,33.8828,77.9,79,100,3.85,MZ,2021-12-13 00:27:26
42,Vaini,-21.2,-175.2,86.16,79,20,11.5,TO,2021-12-13 00:27:26
43,Mahebourg,-20.4081,57.7,73.69,88,75,4.61,MU,2021-12-13 00:27:27
44,Iqaluit,63.7506,-68.5145,4.73,65,40,5.01,CA,2021-12-13 00:27:27
45,Hermanus,-34.4187,19.2345,62.91,88,68,6.4,ZA,2021-12-13 00:27:27
46,Thompson,55.7435,-97.8558,3.36,85,90,0.0,CA,2021-12-13 00:26:32
47,Tiarei,-17.5333,-149.3333,86.02,74,64,10.27,PF,2021-12-13 00:28:27
48,Tiksi,71.6872,128.8694,-18.42,100,100,2.89,RU,2021-12-13 00:28:28
49,Longyearbyen,78.2186,15.6401,31.84,80,75,19.57,SJ,2021-12-13 00:28:28
50,Poum,-20.2333,164.0167,77.76,91,100,14.09,NC,2021-12-13 00:28:28
51,Tsuruoka,38.7217,139.8217,35.64,87,75,27.63,JP,2021-12-13 00:28:29
52,Port Elizabeth,-33.918,25.5701,71.1,88,90,6.91,ZA,2021-12-13 00:24:54
53,Airai,-8.9266,125.4092,70.45,69,98,0.6,TL,2021-12-13 00:28:29
54,Barrow,71.2906,-156.7887,-12.98,70,1,12.66,US,2021-12-13 00:28:29
55,Zaysan,47.4667,84.8667,11.77,91,100,1.36,KZ,2021-12-13 00:28:29
56,Arraial Do Cabo,-22.9661,-42.0278,75.29,95,89,14.74,BR,2021-12-13 00:28:30
57,Khasanya,43.4336,43.5754,30.09,93,90,2.24,RU,2021-12-13 00:28:30
58,Alice Springs,-23.7,133.8833,85.55,35,35,8.05,AU,2021-12-13 00:28:30
59,Tshikapa,-6.4167,20.8,71.78,97,100,1.83,CD,2021-12-13 00:28:30
60,Victoria,22.2855,114.1577,65.32,71,52,1.01,HK,2021-12-13 00:24:12
61,Nikolskoye,59.7035,30.7861,24.69,99,100,2.44,RU,2021-12-13 00:28:31
62,Souillac,-20.5167,57.5167,73.78,88,75,4.61,MU,2021-12-13 00:28:31
63,Takoradi,4.8845,-1.7554,80.11,84,81,6.71,GH,2021-12-13 00:28:31
64,Kutum,14.2,24.6667,64.65,34,45,5.66,SD,2021-12-13 00:28:32
65,Athabasca,54.7169,-113.2854,19.22,93,85,2.95,CA,2021-12-13 00:28:32
66,Severo-Kurilsk,50.6789,156.125,33.76,85,77,10.76,RU,2021-12-13 00:23:59
67,Fukue,32.6881,128.8419,44.96,61,75,9.22,JP,2021-12-13 00:28:32
68,Laguna,38.421,-121.4238,52.93,90,90,3.0,US,2021-12-13 00:28:32
69,Port Alfred,-33.5906,26.891,71.58,95,100,11.59,ZA,2021-12-13 00:28:33
70,Hilo,19.7297,-155.09,82.27,54,75,5.75,US,2021-12-13 00:28:33
71,Hofn,64.2539,-15.2082,38.52,92,100,0.34,IS,2021-12-13 00:28:33
72,Hithadhoo,-0.6,73.0833,80.87,79,99,11.01,MV,2021-12-13 00:28:33
73,Lavrentiya,65.5833,-171.0,-14.62,88,18,2.93,RU,2021-12-13 00:28:34
74,Makakilo City,21.3469,-158.0858,82.72,53,1,12.66,US,2021-12-13 00:28:34
75,Dikson,73.5069,80.5464,-16.87,96,95,15.77,RU,2021-12-13 00:28:34
76,Songjianghe,42.1859,127.479,6.58,71,3,6.8,CN,2021-12-13 00:28:35
77,Mecca,21.4267,39.8261,71.42,57,40,3.76,SA,2021-12-13 00:27:17
78,Monywa,22.1167,95.1333,62.96,71,1,6.29,MM,2021-12-13 00:28:35
79,Dunedin,-45.8742,170.5036,61.81,69,69,4.0,NZ,2021-12-13 00:26:19
80,Zavoronezhskoye,52.8801,40.5526,23.45,73,85,11.01,RU,2021-12-13 00:28:35
81,Naze,28.3667,129.4833,59.92,70,84,17.69,JP,2021-12-13 00:28:35
82,Zhashkiv,49.2454,30.1102,39.25,81,100,9.64,UA,2021-12-13 00:28:36
83,Punta Arenas,-53.15,-70.9167,46.51,49,75,23.02,CL,2021-12-13 00:28:36
84,Itaituba,-4.2761,-55.9836,77.16,100,90,0.0,BR,2021-12-13 00:28:36
85,Alofi,-19.0595,-169.9187,80.49,74,6,2.3,NU,2021-12-13 00:28:36
86,Kvarkeno,52.0833,59.725,4.57,89,5,4.03,RU,2021-12-13 00:28:37
87,Esperance,-33.8667,121.9,62.44,50,69,4.14,AU,2021-12-13 00:26:25
88,Cartagena Del Chaira,1.3349,-74.8429,77.31,68,51,3.13,CO,2021-12-13 00:28:37
89,Mar Del Plata,-38.0023,-57.5575,66.22,84,0,11.01,AR,2021-12-13 00:26:23
90,Kapaa,22.0752,-159.319,80.92,71,20,4.0,US,2021-12-13 00:28:37
91,Guerrero Negro,27.9769,-114.0611,64.6,53,50,9.48,MX,2021-12-13 00:28:38
92,Barsovo,61.1667,73.1667,8.73,97,98,4.41,RU,2021-12-13 00:28:38
93,Kaili,-3.4626,120.2147,73.83,83,100,0.74,ID,2021-12-13 00:29:38
94,Byron Bay,-28.65,153.6167,77.88,73,90,11.74,AU,2021-12-13 00:29:39
95,Atuona,-9.8,-139.0333,79.14,79,25,18.5,PF,2021-12-13 00:29:39
96,Genhe,50.7833,121.5167,2.46,98,100,3.2,CN,2021-12-13 00:29:39
97,Jamestown,42.097,-79.2353,40.59,53,1,7.0,US,2021-12-13 00:29:39
98,Cidreira,-30.1811,-50.2056,71.51,89,1,13.98,BR,2021-12-13 00:29:40
99,Ojinaga,29.5667,-104.4167,63.55,31,1,4.61,MX,2021-12-13 00:29:40
100,Mandalgovi,45.7625,106.2708,11.19,47,0,13.04,MN,2021-12-13 00:29:40
101,Kamenka,51.3223,42.7678,18.75,64,63,11.63,RU,2021-12-13 00:29:40
102,Torbay,47.6666,-52.7314,42.58,94,90,28.77,CA,2021-12-13 00:29:41
103,Te Anau,-45.4167,167.7167,65.84,54,57,3.47,NZ,2021-12-13 00:29:41
104,Pevek,69.7008,170.3133,-32.73,96,12,2.59,RU,2021-12-13 00:29:41
105,High Level,58.5169,-117.136,-0.29,78,75,2.3,CA,2021-12-13 00:29:42
106,Bundi,25.4417,75.6417,55.33,55,20,2.91,IN,2021-12-13 00:29:42
107,Ellensburg,46.9965,-120.5479,39.97,72,20,1.01,US,2021-12-13 00:25:35
108,Tarakan,3.3,117.6333,81.9,83,20,5.75,ID,2021-12-13 00:28:03
109,New Norfolk,-42.7826,147.0587,68.92,43,9,1.99,AU,2021-12-13 00:29:42
110,Yellowknife,62.456,-114.3525,8.42,92,90,6.91,CA,2021-12-13 00:29:42
111,Bambous Virieux,-20.3428,57.7575,73.65,88,75,4.61,MU,2021-12-13 00:29:43
112,Labuhan,-6.8844,112.2051,80.6,81,89,10.16,ID,2021-12-13 00:29:43
113,Normandin,48.8333,-72.5321,32.31,74,91,4.61,CA,2021-12-13 00:29:43
114,Chokurdakh,70.6333,147.9167,-37.97,97,99,1.83,RU,2021-12-13 00:29:44
115,Boende,-0.2167,20.8667,71.85,95,77,2.68,CD,2021-12-13 00:29:44
116,Leningradskiy,69.3833,178.4167,-31.14,90,6,3.94,RU,2021-12-13 00:29:15
117,Kaitangata,-46.2817,169.8464,61.93,68,55,6.49,NZ,2021-12-13 00:29:44
118,Surt,31.2089,16.5887,60.3,49,75,13.22,LY,2021-12-13 00:29:45
119,Batagay-Alyta,67.8006,130.4114,-34.1,99,94,4.45,RU,2021-12-13 00:29:45
120,Plettenberg Bay,-34.0527,23.3716,65.5,93,94,1.54,ZA,2021-12-13 00:29:45
121,Lagoa,39.05,-27.9833,57.52,54,100,20.87,PT,2021-12-13 00:29:45
122,Atar,20.5169,-13.0499,69.82,17,78,8.32,MR,2021-12-13 00:29:46
123,Damghan,36.1683,54.348,38.41,65,0,4.92,IR,2021-12-13 00:29:46
124,Krasnoturansk,54.3186,91.5639,13.96,96,94,2.44,RU,2021-12-13 00:29:46
125,Avarua,-21.2078,-159.775,73.45,94,90,3.44,CK,2021-12-13 00:29:46
126,Sardarshahr,28.4333,74.4833,56.62,40,21,7.11,IN,2021-12-13 00:29:47
127,Carnarvon,-24.8667,113.6333,73.47,64,2,19.57,AU,2021-12-13 00:29:47
128,Sibolga,1.7427,98.7792,75.99,91,100,1.36,ID,2021-12-13 00:29:47
129,Touros,-5.1989,-35.4608,81.5,77,8,15.52,BR,2021-12-13 00:29:48
130,Progreso,21.2833,-89.6667,80.11,79,26,14.43,MX,2021-12-13 00:29:48
131,Great Falls,47.5002,-111.3008,40.93,65,90,4.0,US,2021-12-13 00:26:57
132,Golynki,54.8696,31.3861,32.72,99,100,6.58,RU,2021-12-13 00:29:48
133,Jaragua,-15.7569,-49.3344,75.42,94,100,2.86,BR,2021-12-13 00:29:48
134,Kailua,21.4022,-157.7394,84.18,69,20,9.22,US,2021-12-13 00:29:49
135,Sillanwali,31.8261,72.5398,52.3,26,0,4.74,PK,2021-12-13 00:29:49
136,Chuy,-33.6971,-53.4616,68.4,76,8,12.64,UY,2021-12-13 00:29:49
137,Mangai,-4.05,19.5333,70.41,94,100,0.89,CD,2021-12-13 00:29:49
138,Raduzhnyy,62.0961,77.475,-16.96,99,23,4.41,RU,2021-12-13 00:30:50
139,Pangnirtung,66.1451,-65.7125,-4.99,70,63,7.56,CA,2021-12-13 00:30:50
140,Saint-Augustin,51.226,-58.6502,27.23,63,96,26.22,CA,2021-12-13 00:30:51
141,Santa Fe,-31.6333,-60.7,74.68,73,100,9.01,AR,2021-12-13 00:30:51
142,Mandurah,-32.55,115.7,70.14,41,100,4.76,AU,2021-12-13 00:30:51
143,Aragats,40.4889,44.3528,11.77,36,0,3.98,AM,2021-12-13 00:30:51
144,Cabo San Lucas,22.8909,-109.9124,74.52,73,40,4.61,MX,2021-12-13 00:30:45
145,Hobart,-42.8794,147.3294,69.26,53,20,1.99,AU,2021-12-13 00:30:02
146,Kahului,20.8947,-156.47,80.96,72,20,21.85,US,2021-12-13 00:26:16
147,Atikokan,48.7555,-91.6216,30.58,92,100,5.59,CA,2021-12-13 00:30:52
148,Cervo,43.6702,-7.4101,47.52,81,19,4.99,ES,2021-12-13 00:30:52
149,Shubarkuduk,49.1447,56.4872,16.45,68,0,10.04,KZ,2021-12-13 00:30:52
150,Houma,29.5958,-90.7195,56.98,74,1,5.75,US,2021-12-13 00:29:46
151,Batangafo,7.3008,18.2833,76.98,32,100,4.12,CF,2021-12-13 00:30:53
152,Tuktoyaktuk,69.4541,-133.0374,-5.8,77,90,19.57,CA,2021-12-13 00:30:53
153,Santa Maria Del Oro,25.9333,-105.3667,62.73,35,80,10.49,MX,2021-12-13 00:30:53
154,Vila Velha,-20.3297,-40.2925,78.75,86,20,11.99,BR,2021-12-13 00:30:54
155,Sitka,57.0531,-135.33,35.49,64,75,0.0,US,2021-12-13 00:30:54
156,Copiapo,-27.3667,-70.3333,58.69,61,0,3.98,CL,2021-12-13 00:30:54
157,Sabang,5.8933,95.3214,82.04,72,33,19.04,ID,2021-12-13 00:30:54
158,Vardo,70.3705,31.1107,29.46,82,56,26.24,NO,2021-12-13 00:30:55
159,Tierranueva,21.6833,-100.5667,57.67,63,8,6.51,MX,2021-12-13 00:30:55
160,Quipapa,-8.8278,-36.0117,71.56,90,89,8.57,BR,2021-12-13 00:30:55
161,Kirakira,-10.4544,161.9205,83.98,82,100,14.52,SB,2021-12-13 00:30:55
162,Morros,-9.4467,-46.3003,74.3,86,72,1.66,BR,2021-12-13 00:30:56
163,Bandarbeyla,9.4942,50.8122,75.9,78,10,20.4,SO,2021-12-13 00:30:56
164,East London,-33.0153,27.9116,71.96,95,100,17.27,ZA,2021-12-13 00:30:56
165,Gat,31.61,34.7642,70.92,32,100,5.46,IL,2021-12-13 00:30:57
166,Inyonga,-6.7167,32.0667,64.06,97,99,5.37,TZ,2021-12-13 00:30:57
167,Mana,5.6592,-53.7767,76.75,91,100,8.37,GF,2021-12-13 00:30:57
168,Aksum,14.1245,38.7244,49.17,67,0,3.65,ET,2021-12-13 00:30:58
169,Geraldton,-28.7667,114.6,72.12,49,0,6.91,AU,2021-12-13 00:30:58
170,Richards Bay,-28.783,32.0377,75.09,72,100,6.93,ZA,2021-12-13 00:30:58
171,Ancud,-41.8697,-73.8203,53.42,79,100,6.71,CL,2021-12-13 00:30:58
172,Beloha,-25.1667,45.05,72.66,73,8,9.84,MG,2021-12-13 00:30:59
173,Marshall,34.3834,-86.3333,44.35,74,1,3.44,US,2021-12-13 00:30:59
174,Ponta Do Sol,32.6667,-17.1,64.13,78,26,1.05,PT,2021-12-13 00:30:59
175,Ekibastuz,51.6667,75.3667,3.54,93,64,8.95,KZ,2021-12-13 00:31:00
176,Camopi,3.1655,-52.3158,72.19,100,100,1.72,GF,2021-12-13 00:31:00
177,Bengkulu,-3.8004,102.2655,78.73,78,79,2.8,ID,2021-12-13 00:31:00
178,Krabi,8.0726,98.9105,75.31,94,0,4.61,TH,2021-12-13 00:31:00
179,Palu,-0.8917,119.8707,86.72,64,85,1.83,ID,2021-12-13 00:31:01
180,Ahipara,-35.1667,173.1667,69.58,94,100,8.55,NZ,2021-12-13 00:31:02
181,San Quintin,30.4833,-115.95,58.01,72,0,7.07,MX,2021-12-13 00:31:02
182,Bonga,7.2833,36.2333,56.23,53,100,1.95,ET,2021-12-13 00:31:02
183,West Plains,36.7281,-91.8524,45.43,48,1,1.01,US,2021-12-13 00:31:03
184,Puerto Del Rosario,28.5004,-13.8627,62.35,88,0,5.75,ES,2021-12-13 00:31:03
185,Salinopolis,-0.6136,-47.3561,81.39,79,24,12.28,BR,2021-12-13 00:31:03
186,Hay River,60.8156,-115.7999,-4.02,77,75,6.91,CA,2021-12-13 00:30:22
187,Grand Gaube,-20.0064,57.6608,73.8,75,6,3.0,MU,2021-12-13 00:32:03
188,Constitucion,-35.3333,-72.4167,53.2,77,0,15.46,CL,2021-12-13 00:32:04
189,Asmara,15.3333,38.9333,49.19,75,1,2.04,ER,2021-12-13 00:32:04
190,Pontes E Lacerda,-15.2261,-59.3353,73.17,97,100,5.44,BR,2021-12-13 00:32:04
191,Miass,55.045,60.1083,9.64,86,32,4.45,RU,2021-12-13 00:32:05
192,Tocopilla,-22.092,-70.1979,65.61,76,8,3.24,CL,2021-12-13 00:31:53
193,Yar-Sale,66.8333,70.8333,-17.79,100,73,3.42,RU,2021-12-13 00:32:05
194,Necochea,-38.5473,-58.7368,59.04,70,15,4.74,AR,2021-12-13 00:30:05
195,Codrington,-38.2667,141.9667,81.82,31,100,17.67,AU,2021-12-13 00:32:05
196,Luwuk,-0.9516,122.7875,86.86,64,92,1.1,ID,2021-12-13 00:32:06
197,Mancio Lima,-7.6142,-72.8958,75.18,93,52,3.18,BR,2021-12-13 00:32:06
198,Mudanjiang,44.5833,129.6,8.8,75,66,6.44,CN,2021-12-13 00:32:06
199,Salalah,17.0151,54.0924,71.69,43,0,4.61,OM,2021-12-13 00:32:07
200,Gazli,40.1333,63.45,43.72,81,91,8.05,UZ,2021-12-13 00:32:08
201,Nizhniy Kuranakh,58.8353,125.4869,-18.99,91,100,1.23,RU,2021-12-13 00:32:08
202,Bud,39.447,-86.1758,41.04,59,6,7.74,US,2021-12-13 00:32:08
203,Kavieng,-2.5744,150.7967,84.87,73,98,8.86,PG,2021-12-13 00:32:09
204,Pskov,57.8136,28.3496,31.91,100,90,4.47,RU,2021-12-13 00:32:09
205,Ribeira Grande,38.5167,-28.7,58.24,54,100,16.35,PT,2021-12-13 00:32:09
206,Faanui,-16.4833,-151.75,81.36,73,100,11.99,PF,2021-12-13 00:32:10
207,Uttaradit,17.6667,100.5,57.96,70,30,3.91,TH,2021-12-13 00:32:10
208,Payakumbuh,-0.2202,100.6308,70.16,99,100,0.4,ID,2021-12-13 00:32:11
209,Zhatay,62.1594,129.8294,-36.35,74,100,4.47,RU,2021-12-13 00:32:11
210,San Pedro,14.35,121.0167,84.31,72,40,4.61,PH,2021-12-13 00:32:11
211,Aksu,41.1231,80.2644,18.52,75,28,1.28,CN,2021-12-13 00:32:12
212,Odweyne,9.4092,45.064,64.9,39,6,17.45,SO,2021-12-13 00:32:12
213,Murovane,49.5214,22.9367,24.71,97,100,6.87,UA,2021-12-13 00:32:12
214,Mount Gambier,-37.8333,140.7667,69.71,64,40,12.66,AU,2021-12-13 00:32:13
215,Maneadero,31.7167,-116.5667,60.1,74,0,1.99,MX,2021-12-13 00:32:13
216,Biloela,-24.4167,150.5,86.02,38,3,11.18,AU,2021-12-13 00:32:13
217,Whitehorse,60.7161,-135.0538,-3.23,70,90,10.0,CA,2021-12-13 00:32:02
218,Corner Brook,48.9667,-57.9484,37.53,83,100,19.3,CA,2021-12-13 00:30:22
219,Halifax,44.6453,-63.5724,37.45,64,88,5.01,CA,2021-12-13 00:27:26
220,Wanaka,-44.7,169.15,65.79,62,100,3.74,NZ,2021-12-13 00:27:23
221,Tongchuan,35.0806,109.0897,33.98,42,6,1.63,CN,2021-12-13 00:32:14
222,Rawson,-43.3002,-65.1023,56.57,73,100,14.99,AR,2021-12-13 00:32:14
223,Aloleng,16.1307,119.7824,81.55,63,87,7.76,PH,2021-12-13 00:32:14
224,Pokhara,28.2333,83.9833,52.12,38,3,5.21,NP,2021-12-13 00:32:15
225,Nabire,-3.3667,135.4833,83.01,73,100,3.6,ID,2021-12-13 00:32:15
226,Sergeyevka,53.88,67.4158,4.96,90,16,7.45,KZ,2021-12-13 00:32:15
227,Lompoc,34.6391,-120.4579,59.77,72,1,11.5,US,2021-12-13 00:32:16
228,Araouane,18.9048,-3.5265,68.99,10,25,9.53,ML,2021-12-13 00:32:16
229,Chimbote,-9.0853,-78.5783,67.98,81,62,7.4,PE,2021-12-13 00:29:20
230,Cayenne,4.9333,-52.3333,77.09,91,75,4.61,GF,2021-12-13 00:30:05
231,Extrema,-22.8547,-46.3183,69.62,89,70,4.41,BR,2021-12-13 00:33:12
232,Henties Bay,-22.116,14.2845,60.85,91,2,6.8,NA,2021-12-13 00:33:16
233,Oum Hadjer,13.2954,19.6966,73.36,14,78,9.22,TD,2021-12-13 00:33:17
234,Moranbah,-22.0016,148.0466,86.59,40,5,13.51,AU,2021-12-13 00:33:17
235,Tevaitoa,-16.7833,-151.5,81.36,74,17,12.8,PF,2021-12-13 00:33:17
236,Viedma,-40.8135,-62.9967,64.81,42,80,20.24,AR,2021-12-13 00:33:18
237,Morondava,-20.2833,44.2833,78.21,74,0,1.59,MG,2021-12-13 00:33:18
238,Bethel,41.3712,-73.414,43.57,54,1,0.0,US,2021-12-13 00:33:18
239,Thunder Bay,48.4001,-89.3168,33.78,75,90,4.61,CA,2021-12-13 00:33:19
240,Castro,-24.7911,-50.0119,67.1,69,100,6.06,BR,2021-12-13 00:33:19
241,Malindi,-3.2175,40.1191,78.15,83,6,7.02,KE,2021-12-13 00:33:19
242,Saint-Joseph,-21.3667,55.6167,75.58,74,18,11.83,RE,2021-12-13 00:33:19
243,Saint-Leu,-21.15,55.2833,76.06,74,3,8.08,RE,2021-12-13 00:33:20
244,Biak,-0.9131,122.8766,83.91,65,84,1.79,ID,2021-12-13 00:33:20
245,San Cristobal,7.7669,-72.225,71.78,90,72,3.44,VE,2021-12-13 00:29:21
246,Bonthe,7.5264,-12.505,78.98,86,7,5.91,SL,2021-12-13 00:33:20
247,Raga,8.4596,25.678,73.85,32,86,4.36,SS,2021-12-13 00:30:17
248,Portland,45.5234,-122.6762,44.74,91,75,1.99,US,2021-12-13 00:29:36
249,Kupang,-10.1667,123.5833,82.98,89,40,2.3,ID,2021-12-13 00:33:21
250,Brigantine,39.4101,-74.3646,44.65,59,1,5.75,US,2021-12-13 00:30:00
251,Visnes,59.3556,5.2242,44.22,81,90,17.27,NO,2021-12-13 00:33:21
252,Vetluga,57.8557,45.781,11.17,93,93,5.97,RU,2021-12-13 00:33:21
253,Saint-Philippe,-21.3585,55.7679,76.59,74,39,10.85,RE,2021-12-13 00:33:22
254,Muroto,33.2833,134.15,53.64,55,7,6.93,JP,2021-12-13 00:33:22
255,Camapua,-19.5314,-54.0439,74.28,86,100,1.99,BR,2021-12-13 00:33:22
256,Maarianhamina,60.0973,19.9348,26.46,100,90,1.14,AX,2021-12-13 00:33:23
257,Mount Vernon,40.9126,-73.8371,46.02,48,1,5.01,US,2021-12-13 00:30:59
258,Misratah,32.3754,15.0925,60.58,54,100,17.76,LY,2021-12-13 00:33:23
259,Kodiak,57.79,-152.4072,14.29,52,1,26.46,US,2021-12-13 00:33:23
260,Hobyo,5.3505,48.5268,78.01,80,19,20.89,SO,2021-12-13 00:33:24
261,Saint George,37.1041,-113.5841,50.47,41,1,4.0,US,2021-12-13 00:33:24
262,Hambantota,6.1241,81.1185,75.54,100,20,5.75,LK,2021-12-13 00:33:24
263,Tigzirt,36.8886,4.1198,50.92,72,1,6.53,DZ,2021-12-13 00:33:25
264,Comodoro Rivadavia,-45.8667,-67.5,55.26,88,0,5.75,AR,2021-12-13 00:33:25
265,Pozo Colorado,-23.4923,-58.7972,76.62,88,100,8.81,PY,2021-12-13 00:33:25
266,Davenport,41.5236,-90.5776,46.65,50,1,13.0,US,2021-12-13 00:33:25
267,Yakeshi,49.2833,120.7333,9.16,86,95,12.71,CN,2021-12-13 00:33:26
268,Hasaki,35.7333,140.8333,52.29,46,78,15.77,JP,2021-12-13 00:33:26
269,Guaymas,27.9333,-110.9,70.97,94,20,9.22,MX,2021-12-13 00:33:26
270,Mulki,13.1,74.8,78.08,83,20,0.0,IN,2021-12-13 00:33:27
271,Odemira,37.598,-8.6397,59.16,73,0,4.79,PT,2021-12-13 00:33:27
272,Joshimath,30.5667,79.5667,39.96,34,99,8.5,IN,2021-12-13 00:33:27
273,Toora-Khem,52.4675,96.11,1.09,96,99,1.54,RU,2021-12-13 00:34:27
274,College,64.8569,-147.8028,-12.8,68,75,0.0,US,2021-12-13 00:34:28
275,Los Llanos De Aridane,28.6585,-17.9182,62.35,79,75,5.01,ES,2021-12-13 00:34:28
276,Cam Ranh,11.9214,109.1591,76.96,61,20,18.41,VN,2021-12-13 00:34:28
277,Husavik,66.0449,-17.3389,37.31,79,100,14.2,IS,2021-12-13 00:34:29
278,Severo-Yeniseyskiy,60.3725,93.0408,-16.42,100,88,2.77,RU,2021-12-13 00:34:29
279,Bukachacha,52.9833,116.9167,-5.35,98,42,2.48,RU,2021-12-13 00:34:29
280,Clyde River,70.4692,-68.5914,-1.97,92,90,11.5,CA,2021-12-13 00:34:29
281,Kysyl-Syr,63.8986,122.7617,-24.02,97,100,6.64,RU,2021-12-13 00:34:30
282,Khatanga,71.9667,102.5,-49.61,99,79,4.9,RU,2021-12-13 00:34:30
283,Coihaique,-45.5752,-72.0662,53.55,58,75,6.91,CL,2021-12-13 00:34:30
284,Koumac,-20.5667,164.2833,76.59,92,100,6.71,NC,2021-12-13 00:34:31
285,Inhambane,-23.865,35.3833,78.13,94,34,7.34,MZ,2021-12-13 00:34:31
286,Marshalltown,42.0494,-92.908,48.43,34,1,9.22,US,2021-12-13 00:34:31
287,Palmer,42.1584,-72.3287,38.57,51,1,4.61,US,2021-12-13 00:34:32
288,Witu,-2.3889,40.4382,80.76,93,13,5.06,KE,2021-12-13 00:34:32
289,Mazarron,37.5992,-1.3149,54.45,85,0,3.38,ES,2021-12-13 00:34:32
290,Marystown,47.1666,-55.1483,39.85,100,100,11.99,CA,2021-12-13 00:31:20
291,Udachnyy,66.4167,112.4,-47.56,71,99,3.78,RU,2021-12-13 00:34:32
292,Atbasar,51.8,68.3333,-0.27,95,13,4.85,KZ,2021-12-13 00:34:33
293,Clacton-On-Sea,51.7897,1.156,53.78,86,100,17.34,GB,2021-12-13 00:34:33
294,Bansang,13.4333,-14.65,79.09,18,36,5.23,GM,2021-12-13 00:34:33
295,Yagodnoye,62.55,149.6667,-9.38,99,100,5.39,RU,2021-12-13 00:34:34
296,Sebezh,56.2955,28.4654,30.02,91,100,7.09,RU,2021-12-13 00:34:34
297,Vao,-22.6667,167.4833,77.02,90,100,13.89,NC,2021-12-13 00:34:34
298,Vanimo,-2.6741,141.3028,84.65,73,100,6.33,PG,2021-12-13 00:34:35
299,Svetlogorsk,52.6333,29.7333,36.57,91,100,3.33,BY,2021-12-13 00:34:35
300,Broome,42.2506,-75.833,39.65,57,1,3.0,US,2021-12-13 00:34:35
301,Ilulissat,69.2167,-51.1,19.42,63,75,14.97,GL,2021-12-13 00:34:36
302,Port Hardy,50.6996,-127.4199,38.75,93,75,6.91,CA,2021-12-13 00:34:36
303,General Pico,-35.6566,-63.7568,66.27,39,0,8.72,AR,2021-12-13 00:34:36
304,Pochutla,15.7432,-96.4661,82.22,86,3,3.0,MX,2021-12-13 00:34:36
305,Cabedelo,-6.9811,-34.8339,79.47,79,57,11.1,BR,2021-12-13 00:34:37
306,Sirjan,29.452,55.6814,40.71,35,0,3.89,IR,2021-12-13 00:34:37
307,Lazarev,52.225,141.5131,24.06,90,99,21.94,RU,2021-12-13 00:34:37
308,Isangel,-19.55,169.2667,87.91,74,75,8.05,VU,2021-12-13 00:34:37
309,Concordia,-31.393,-58.0209,79.79,64,85,1.99,AR,2021-12-13 00:34:38
310,Fare,-16.7,-151.0167,80.67,75,10,11.63,PF,2021-12-13 00:34:38
311,Jamame,0.0722,42.7506,77.41,84,81,9.13,SO,2021-12-13 00:34:38
312,Yatou,37.15,122.3833,33.82,48,30,8.84,CN,2021-12-13 00:34:39
313,Nanning,22.8167,108.3167,55.85,60,0,3.47,CN,2021-12-13 00:34:39
314,Moanda,-1.5575,13.2178,69.82,98,100,2.44,GA,2021-12-13 00:34:39
315,Kommunar,59.6206,30.39,24.33,99,100,1.88,RU,2021-12-13 00:34:40
316,Talara,-4.5772,-81.2719,67.73,85,19,8.77,PE,2021-12-13 00:34:40
317,Batagay,67.6333,134.6333,-44.25,100,71,1.19,RU,2021-12-13 00:34:40
318,Nangomba,-10.9,38.5,70.97,93,63,1.7,TZ,2021-12-13 00:34:40
319,Upington,-28.4478,21.2561,70.18,68,0,2.3,ZA,2021-12-13 00:35:41
320,Uglegorsk,49.0833,142.0333,27.66,92,100,26.71,RU,2021-12-13 00:35:41
321,Nampula,-15.1165,39.2666,68.23,96,40,3.98,MZ,2021-12-13 00:35:41
322,Mangrol,21.1167,70.1167,71.01,60,0,8.19,IN,2021-12-13 00:35:42
323,Pinega,64.7001,43.3936,12.54,95,99,6.8,RU,2021-12-13 00:35:42
324,Zhanaozen,43.3,52.8,22.26,73,0,10.98,KZ,2021-12-13 00:35:42
325,Sola,-13.8833,167.55,84.87,84,90,5.75,VU,2021-12-13 00:35:42
326,Half Moon Bay,37.4636,-122.4286,55.42,92,90,5.01,US,2021-12-13 00:35:43
327,Urdoma,61.7533,48.5442,5.05,94,97,5.46,RU,2021-12-13 00:35:43
328,Ust-Tsilma,65.441,52.1498,17.94,90,100,5.93,RU,2021-12-13 00:35:43
329,Saint Anthony,45.0205,-93.218,33.82,71,1,3.0,US,2021-12-13 00:35:43
330,Albania,41.0,20.0,38.59,88,100,1.77,AL,2021-12-13 00:35:44
331,Luderitz,-26.6481,15.1594,61.12,82,39,13.0,NA,2021-12-13 00:35:44
332,Phan Thiet,10.9333,108.1,76.42,73,72,3.56,VN,2021-12-13 00:35:44
333,Tilichiki,60.4667,166.1,-5.98,92,100,20.76,RU,2021-12-13 00:35:45
334,Shubarshi,48.5872,57.1869,14.47,80,3,12.5,KZ,2021-12-13 00:35:45
335,Beaverlodge,55.2166,-119.4361,11.55,89,100,7.31,CA,2021-12-13 00:35:45
336,Margate,51.3813,1.3862,53.31,80,100,4.0,GB,2021-12-13 00:35:46
337,Bubaque,11.2833,-15.8333,80.96,72,6,12.86,GW,2021-12-13 00:35:46
338,Faratsiho,-19.4,46.95,53.69,89,17,4.27,MG,2021-12-13 00:35:47
339,Padang,-0.9492,100.3543,77.05,92,100,2.1,ID,2021-12-13 00:35:00
340,Bonito,-21.1211,-56.4819,71.28,98,96,3.29,BR,2021-12-13 00:35:47
341,Adrar,20.5022,-10.0711,65.48,17,76,10.18,MR,2021-12-13 00:35:47
342,Itarema,-2.9248,-39.9167,80.42,80,94,15.75,BR,2021-12-13 00:35:48
343,Iguaba Grande,-22.8392,-42.2289,74.52,96,100,5.93,BR,2021-12-13 00:35:48
344,Pacific Grove,36.6177,-121.9166,55.51,77,90,14.0,US,2021-12-13 00:35:48
345,Tutoia,-2.7619,-42.2744,84.18,83,85,13.94,BR,2021-12-13 00:35:49
346,Pleshanovo,52.8333,53.4833,8.24,93,12,1.77,RU,2021-12-13 00:35:49
347,Peace River,56.2501,-117.286,5.31,85,90,14.97,CA,2021-12-13 00:35:49
348,Hobe Sound,27.0595,-80.1364,78.78,81,1,5.75,US,2021-12-13 00:35:16
349,Inzer,54.2167,57.5556,5.74,94,44,2.59,RU,2021-12-13 00:35:50
350,Rafaela,-31.2503,-61.4867,66.06,68,100,13.0,AR,2021-12-13 00:35:50
351,Roald,62.5833,6.1333,43.09,87,90,8.05,NO,2021-12-13 00:35:50
352,Dubbo,-32.25,148.6167,75.33,50,0,5.75,AU,2021-12-13 00:35:51
353,Dhankuta,26.9833,87.3333,45.9,75,0,6.26,NP,2021-12-13 00:35:51
354,Karratha,-20.7377,116.8463,96.85,18,0,6.46,AU,2021-12-13 00:35:51
355,Sinnamary,5.3833,-52.95,77.02,90,100,9.37,GF,2021-12-13 00:35:36
356,Matay,28.419,30.7792,61.93,58,100,6.55,EG,2021-12-13 00:35:52
357,Gao,16.6362,1.637,73.04,10,100,10.42,ML,2021-12-13 00:35:52
358,Noumea,-22.2763,166.4572,78.78,89,100,1.19,NC,2021-12-13 00:35:52
359,Moose Factory,51.2585,-80.6094,23.0,93,90,4.61,CA,2021-12-13 00:35:53
360,Cortes,41.9395,-1.4396,45.45,85,88,3.87,ES,2021-12-13 00:35:53
361,Port-Gentil,-0.7193,8.7815,79.21,82,100,6.29,GA,2021-12-13 00:35:54
362,Norman Wells,65.282,-126.8329,-2.16,71,75,13.8,CA,2021-12-13 00:35:54
363,Butaritari,3.0707,172.7902,82.49,72,31,15.35,KI,2021-12-13 00:35:54
364,Chiredzi,-21.05,31.6667,75.97,61,100,4.45,ZW,2021-12-13 00:35:55
365,Sao Filipe,14.8961,-24.4956,74.66,73,100,7.45,CV,2021-12-13 00:35:55
366,Pitanga,-24.7572,-51.7614,68.23,81,100,2.71,BR,2021-12-13 00:35:55
367,Goderich,43.7501,-81.7165,43.12,65,3,20.71,CA,2021-12-13 00:36:20
368,Adra,36.7496,-3.0206,58.82,72,0,5.3,ES,2021-12-13 00:36:55
369,Passo De Camaragibe,-9.2368,-35.4901,78.35,84,20,5.59,BR,2021-12-13 00:36:56
370,Beipiao,41.7919,120.7792,21.38,34,0,5.61,CN,2021-12-13 00:36:56
371,Vila Franca Do Campo,37.7167,-25.4333,56.19,56,100,15.3,PT,2021-12-13 00:36:56
372,Port-Cartier,50.0334,-66.8654,27.75,69,6,18.84,CA,2021-12-13 00:36:55
373,Aransas Pass,27.9095,-97.15,61.03,83,1,3.0,US,2021-12-13 00:36:57
374,Avera,33.194,-82.5271,49.66,42,0,6.87,US,2021-12-13 00:36:57
375,Evensk,61.95,159.2333,10.49,59,100,17.56,RU,2021-12-13 00:36:57
376,Sabha,27.0377,14.4283,49.86,60,0,8.08,LY,2021-12-13 00:36:57
377,Balakhta,55.38,91.6,-1.79,99,100,2.62,RU,2021-12-13 00:36:58
378,Boguchany,58.3814,97.4531,-16.37,99,93,2.98,RU,2021-12-13 00:36:58
379,Port Macquarie,-31.4333,152.9167,76.89,59,0,12.17,AU,2021-12-13 00:36:58
380,Tuatapere,-46.1333,167.6833,65.82,52,75,5.88,NZ,2021-12-13 00:36:59
381,Fethiye,36.6217,29.1164,64.27,78,9,7.11,TR,2021-12-13 00:36:59
382,Sao Joao Da Barra,-21.6403,-41.0511,76.33,91,100,18.77,BR,2021-12-13 00:34:35
383,La Libertad,-2.2333,-80.9,71.02,83,99,8.5,EC,2021-12-13 00:36:59
384,Corinto,37.9407,22.9573,55.69,81,65,9.82,GR,2021-12-13 00:35:46
385,Olafsvik,64.8945,-23.7142,41.77,88,100,20.38,IS,2021-12-13 00:37:00
386,Bulembu,-25.9667,31.1333,66.24,89,100,2.51,SZ,2021-12-13 00:37:00
387,Provideniya,64.3833,-173.3,-10.64,70,0,6.71,RU,2021-12-13 00:37:00
388,Beterou,9.1992,2.2586,76.19,22,4,2.48,BJ,2021-12-13 00:37:00
389,Santa Isabel Do Rio Negro,-0.4139,-65.0192,76.08,91,96,2.86,BR,2021-12-13 00:37:01
390,Kushima,31.4583,131.2333,51.84,58,0,8.68,JP,2021-12-13 00:37:01
391,Khonsa,27.0167,95.5667,51.21,74,0,3.71,IN,2021-12-13 00:37:01
392,Sabya,17.1495,42.6254,73.02,55,0,8.41,SA,2021-12-13 00:37:02
393,Maloy,61.9353,5.1136,44.73,82,100,5.01,NO,2021-12-13 00:37:02
394,Matera,40.5,16.4167,45.57,67,8,16.37,IT,2021-12-13 00:37:02
395,Lyuban,52.7985,28.0048,35.04,98,100,6.73,BY,2021-12-13 00:37:02
396,Juneau,58.3019,-134.4197,26.65,95,100,7.49,US,2021-12-13 00:35:08
397,Parthenay,46.6667,-0.4167,45.48,95,64,5.03,FR,2021-12-13 00:37:03
398,Pueblo Nuevo,23.3833,-105.3833,51.4,64,87,3.15,MX,2021-12-13 00:37:03
399,Andenes,69.3143,16.1194,34.07,93,90,12.66,NO,2021-12-13 00:37:03
400,Aykhal,66.0,111.5,-49.59,100,67,6.44,RU,2021-12-13 00:33:17
401,Port Blair,11.6667,92.75,80.31,69,21,14.09,IN,2021-12-13 00:35:55
402,Saryozek,44.3583,77.9753,29.05,90,100,3.89,KZ,2021-12-13 00:37:04
403,Taoudenni,22.6783,-3.9836,66.09,21,27,14.54,ML,2021-12-13 00:37:04
404,The Valley,18.217,-63.0578,81.1,75,20,22.08,AI,2021-12-13 00:37:04
405,Narsaq,60.9167,-46.05,16.02,77,36,9.82,GL,2021-12-13 00:37:04
406,Powell River,49.8496,-124.5361,39.2,93,75,8.05,CA,2021-12-13 00:35:41
407,Mudon,16.2578,97.7164,69.96,78,13,4.65,MM,2021-12-13 00:37:05
408,Laje,-10.1833,-40.9667,73.63,72,100,4.83,BR,2021-12-13 00:37:05
409,Lipovtsy,44.2014,131.7244,12.74,61,5,12.28,RU,2021-12-13 00:37:05
410,Xai-Xai,-25.0519,33.6442,77.34,81,100,4.41,MZ,2021-12-13 00:37:06
411,Moengo,5.6167,-54.4,73.56,99,100,1.59,SR,2021-12-13 00:37:06
412,Tommot,58.9564,126.2925,-27.49,97,100,1.1,RU,2021-12-13 00:38:06
413,Newport,51.5877,-2.9984,54.07,90,100,18.57,GB,2021-12-13 00:38:06
414,Talnakh,69.4865,88.3972,-25.8,80,24,1.16,RU,2021-12-13 00:38:07
415,Coracora,-15.0333,-73.7833,49.44,69,39,4.29,PE,2021-12-13 00:38:07
416,Maniitsoq,65.4167,-52.9,20.79,62,2,8.03,GL,2021-12-13 00:37:46
417,Kaiyuan,23.6977,103.3037,49.5,87,100,2.48,CN,2021-12-13 00:38:07
418,Marawi,7.9986,124.2928,72.64,76,100,1.68,PH,2021-12-13 00:36:14
419,Isabela,6.7085,121.9711,82.45,69,99,5.5,PH,2021-12-13 00:38:08
420,Aswan,24.0934,32.907,72.7,60,0,11.5,EG,2021-12-13 00:38:08
421,Qurbus,36.8167,10.5687,53.94,68,23,12.77,TN,2021-12-13 00:38:08
422,Camacha,33.0833,-16.3333,59.76,94,40,5.75,PT,2021-12-13 00:36:24
423,Venice,27.0998,-82.4543,75.24,93,1,4.61,US,2021-12-13 00:38:08
424,Oktyabrskoye,43.0645,44.7417,28.54,100,40,0.0,RU,2021-12-13 00:38:09
425,Ambilobe,-13.2,49.05,72.25,79,1,3.65,MG,2021-12-13 00:38:09
426,Malayal,7.208,121.942,82.2,69,86,2.37,PH,2021-12-13 00:38:09
427,Heihe,50.2441,127.4902,1.4,79,100,6.33,CN,2021-12-13 00:38:09
428,Fairbanks,64.8378,-147.7164,-12.78,72,90,0.0,US,2021-12-13 00:38:10
429,Kamaishi,39.2667,141.8833,31.15,64,52,24.29,JP,2021-12-13 00:38:10
430,Kalabo,-14.97,22.6814,75.61,61,100,4.45,ZM,2021-12-13 00:38:10
431,Bend,44.0582,-121.3153,34.09,86,1,1.99,US,2021-12-13 00:36:49
432,Kulhudhuffushi,6.6221,73.07,80.85,76,99,3.27,MV,2021-12-13 00:38:10
433,Bo Phloi,14.3236,99.5161,70.88,71,10,13.69,TH,2021-12-13 00:38:11
434,Ponta Delgada,37.7333,-25.6667,56.5,67,40,13.8,PT,2021-12-13 00:36:50
435,Dzhebariki-Khaya,62.2167,135.8,-40.02,99,93,2.06,RU,2021-12-13 00:38:11
436,Haines Junction,60.7522,-137.5108,-5.85,54,100,11.5,CA,2021-12-13 00:38:11
437,Denpasar,-8.65,115.2167,82.06,88,40,6.91,ID,2021-12-13 00:33:30
438,Ahuimanu,21.4447,-157.8378,83.91,65,20,9.22,US,2021-12-13 00:38:12
439,Susner,23.95,76.0833,57.63,60,0,6.82,IN,2021-12-13 00:38:12
440,Yanam,16.7333,82.2167,75.6,81,99,7.99,IN,2021-12-13 00:38:12
441,Calvinia,-31.4707,19.776,64.58,50,99,6.6,ZA,2021-12-13 00:38:13
442,Fegyvernek,47.2667,20.5333,37.22,98,100,13.29,HU,2021-12-13 00:38:13
443,Areosa,41.7178,-8.8571,54.16,81,5,8.52,PT,2021-12-13 00:38:13
444,Hovd,48.0056,91.6419,6.98,60,48,4.61,MN,2021-12-13 00:38:13
445,Kapit,2.0167,112.9333,79.11,89,85,1.86,MY,2021-12-13 00:38:14
446,Mount Pleasant,32.7941,-79.8626,51.98,75,1,3.0,US,2021-12-13 00:38:14
447,Yueyang,29.3333,113.0919,48.47,78,4,2.48,CN,2021-12-13 00:38:14
448,Severnoye,56.3491,78.3619,9.95,96,100,4.92,RU,2021-12-13 00:38:14
449,Sorokino,53.75,84.9167,-2.88,98,100,3.29,RU,2021-12-13 00:38:15
450,Emerald,-23.5333,148.1667,83.34,65,75,5.75,AU,2021-12-13 00:38:15
451,Riverton,40.5219,-111.9391,45.64,58,40,13.8,US,2021-12-13 00:37:41
452,Havoysund,70.9963,24.6622,34.68,90,100,5.19,NO,2021-12-13 00:38:15
453,Maple Creek,49.9168,-109.4848,36.01,64,26,12.66,CA,2021-12-13 00:38:16
454,Yangjiang,21.85,111.9667,62.26,60,0,11.43,CN,2021-12-13 00:38:16
455,Jizan,17.3333,42.6667,72.54,49,0,5.64,SA,2021-12-13 00:38:16
456,Alekseyevsk,57.8406,108.3492,-12.96,99,99,3.13,RU,2021-12-13 00:38:16
457,Buraydah,26.326,43.975,50.45,32,100,4.56,SA,2021-12-13 00:38:17
458,Ust-Maya,60.4167,134.5333,-40.45,99,91,0.6,RU,2021-12-13 00:39:17
459,Saldanha,-33.0117,17.9442,60.85,93,4,13.85,ZA,2021-12-13 00:39:17
460,Dullewala,31.8359,71.4362,52.84,26,0,6.15,PK,2021-12-13 00:39:17
461,Lerum,57.7745,12.2697,36.82,97,90,3.44,SE,2021-12-13 00:39:18
462,Amatitan,20.8333,-103.7167,78.31,34,6,1.61,MX,2021-12-13 00:39:18
463,Miramar,25.9873,-80.2323,78.98,80,1,5.75,US,2021-12-13 00:34:18
464,Meulaboh,4.1363,96.1285,77.23,88,100,2.17,ID,2021-12-13 00:39:18
465,Garissa,-0.4536,39.6401,77.97,75,95,7.83,KE,2021-12-13 00:39:19
466,Menongue,-14.6585,17.691,63.77,94,99,1.01,AO,2021-12-13 00:37:17
467,Arbagar,51.9438,116.2805,0.99,96,100,2.21,RU,2021-12-13 00:39:19
468,Acari,-15.4311,-74.6158,69.21,90,73,3.67,PE,2021-12-13 00:39:19
469,Grand-Lahou,5.1367,-5.0242,79.5,86,6,6.6,CI,2021-12-13 00:39:19
470,Rocha,-34.4833,-54.3333,64.44,90,7,4.83,UY,2021-12-13 00:34:26
471,Ingham,42.6,-84.3833,42.15,61,1,9.22,US,2021-12-13 00:35:59
472,Kudahuvadhoo,2.6708,72.8944,79.54,80,92,3.74,MV,2021-12-13 00:39:20
473,Belaya Gora,68.5333,146.4167,-41.64,99,100,1.54,RU,2021-12-13 00:39:20
474,Angoche,-16.2325,39.9086,75.06,87,0,5.93,MZ,2021-12-13 00:39:20
475,Kashi,39.4547,75.9797,20.41,63,56,8.95,CN,2021-12-13 00:39:21
476,Saint Pete Beach,27.7253,-82.7412,75.67,84,1,1.99,US,2021-12-13 00:39:21
477,Kharp,66.8014,65.8081,-1.82,98,16,5.19,RU,2021-12-13 00:39:21
478,Katsuura,35.1333,140.3,53.71,49,76,14.18,JP,2021-12-13 00:39:22
479,Yulara,-25.2406,130.9889,82.24,51,13,12.66,AU,2021-12-13 00:39:22
480,Petropavl,54.8753,69.1628,8.85,89,82,8.43,KZ,2021-12-13 00:39:22
481,Mao,39.8885,4.2658,46.96,93,20,3.44,ES,2021-12-13 00:37:40
482,Den Helder,52.9599,4.7593,51.78,99,90,15.01,NL,2021-12-13 00:34:53
483,Ostrovnoy,68.0531,39.5131,29.59,93,100,14.54,RU,2021-12-13 00:35:58
484,Ladario,-19.0047,-57.6017,75.76,90,99,3.04,BR,2021-12-13 00:39:22
485,Nehe,48.4833,124.8333,5.88,91,100,10.13,CN,2021-12-13 00:39:23
486,Zeya,53.75,127.2667,-1.8,69,100,1.03,RU,2021-12-13 00:39:23
487,Northam,51.0333,-4.2167,54.01,96,100,19.53,GB,2021-12-13 00:39:23
488,Aitape,-3.1374,142.3475,82.22,81,100,1.74,PG,2021-12-13 00:39:24
489,Alta Floresta,-9.8756,-56.0861,73.06,94,100,0.45,BR,2021-12-13 00:39:24
490,Laela,-8.5667,32.05,61.03,88,39,3.87,TZ,2021-12-13 00:39:24
491,Kiama,-34.6833,150.8667,73.99,66,1,1.01,AU,2021-12-13 00:39:24
492,Codajas,-3.8367,-62.0569,74.23,99,100,1.63,BR,2021-12-13 00:39:25
493,Shingu,33.7333,135.9833,52.79,49,4,6.82,JP,2021-12-13 00:39:25
494,Bom Jesus,-9.0744,-44.3586,75.0,81,98,1.7,BR,2021-12-13 00:39:25
495,Coruripe,-10.1256,-36.1756,78.91,79,39,14.25,BR,2021-12-13 00:36:03
496,Dingle,10.9995,122.6711,81.88,81,28,11.7,PH,2021-12-13 00:36:05
497,Klaksvik,62.2266,-6.589,40.12,96,100,13.47,FO,2021-12-13 00:37:17
498,Ghanzi,-21.5667,21.7833,69.51,71,100,7.92,BW,2021-12-13 00:39:25
499,Londonderry,54.9981,-7.3093,45.0,72,100,15.52,GB,2021-12-13 00:39:26
500,Verkhoyansk,67.5447,133.385,-43.74,100,96,2.57,RU,2021-12-13 00:39:26
501,Revuca,48.6835,20.1173,31.55,87,70,1.99,SK,2021-12-13 00:39:26
502,Payo,-3.7508,103.6372,76.89,92,61,2.68,ID,2021-12-13 00:39:26
503,Vega De Alatorre,20.0333,-96.6333,67.59,70,3,9.15,MX,2021-12-13 00:39:27
504,Mont-De-Marsan,44.0,-0.6667,44.78,84,90,8.05,FR,2021-12-13 00:40:27
505,Prince Rupert,54.3161,-130.3201,33.49,86,90,13.8,CA,2021-12-13 00:40:27
506,Sorland,67.667,12.6934,36.99,98,100,19.37,NO,2021-12-13 00:35:51
507,Zhigansk,66.7697,123.3711,-34.56,99,94,10.22,RU,2021-12-13 00:40:28
508,Faya,18.3851,42.4509,45.12,45,0,3.15,SA,2021-12-13 00:40:28
509,Aklavik,68.2191,-135.0107,-3.17,91,100,21.21,CA,2021-12-13 00:40:28
510,Hamilton,39.1834,-84.5333,42.1,61,1,5.75,US,2021-12-13 00:38:49
511,Petropavlovsk-Kamchatskiy,53.0452,158.6483,27.19,74,0,2.24,RU,2021-12-13 00:40:02
512,Ayan,56.45,138.1667,10.6,63,100,7.96,RU,2021-12-13 00:40:29
513,Altay,47.8667,88.1167,10.71,69,86,4.76,CN,2021-12-13 00:36:09
514,Lata,40.1629,-8.3327,57.61,82,5,4.41,PT,2021-12-13 00:40:29
515,Sioux Lookout,50.1001,-91.917,30.58,86,40,5.75,CA,2021-12-13 00:40:29
516,Labrea,-7.2586,-64.7981,75.69,90,100,3.65,BR,2021-12-13 00:40:29
517,Caravelas,-17.7125,-39.2481,76.39,85,100,8.39,BR,2021-12-13 00:40:30
518,Lubsko,51.7847,14.972,38.57,98,100,6.6,PL,2021-12-13 00:38:29
519,Vestmannaeyjar,63.4427,-20.2734,43.38,73,100,18.28,IS,2021-12-13 00:40:30
520,Ismailia,30.6043,32.2723,63.88,69,100,6.06,EG,2021-12-13 00:38:02
521,Deep River,46.1001,-77.4995,39.94,68,11,14.16,CA,2021-12-13 00:40:30
522,Kwinana,-32.25,115.7667,70.18,57,100,6.46,AU,2021-12-13 00:40:30
523,Porbandar,21.6422,69.6093,71.31,50,0,9.17,IN,2021-12-13 00:40:31
524,Akyab,20.15,92.9,68.94,62,38,7.31,MM,2021-12-13 00:40:31
525,Skjervoy,70.0311,20.9714,35.04,99,100,7.99,NO,2021-12-13 00:40:31
526,Port Lincoln,-34.7333,135.8667,64.2,57,100,13.15,AU,2021-12-13 00:40:32
527,Kautokeino,69.0125,23.0412,8.92,97,98,3.11,NO,2021-12-13 00:35:58
528,Trujillo,-8.116,-79.03,66.16,82,64,5.75,PE,2021-12-13 00:36:52
529,Gavle,60.6745,17.1417,32.38,97,100,4.0,SE,2021-12-13 00:40:32
530,Moron,-34.6534,-58.6198,76.96,76,100,5.32,AR,2021-12-13 00:40:32
531,Ust-Karsk,52.7011,118.8077,-3.51,100,96,0.74,RU,2021-12-13 00:40:33
532,Tessalit,20.1986,1.0114,67.73,10,81,8.72,ML,2021-12-13 00:40:33
533,Kholm,59.2667,32.85,30.07,98,100,6.11,RU,2021-12-13 00:40:33
534,Osoyoos,49.0331,-119.4524,44.19,39,65,9.22,CA,2021-12-13 00:40:33
535,Nador,35.174,-2.9287,55.65,88,0,1.14,MA,2021-12-13 00:36:14
536,Sapa,5.1544,120.3241,82.31,79,15,3.78,PH,2021-12-13 00:40:34
537,Neepawa,50.2289,-99.4664,36.0,89,8,11.81,CA,2021-12-13 00:40:34
538,Oboyan,51.2098,36.2792,28.54,63,100,12.48,RU,2021-12-13 00:40:34
539,Flinders,-34.5833,150.8552,73.8,65,1,7.72,AU,2021-12-13 00:40:34
540,Hami,42.8,93.45,21.78,45,23,3.51,CN,2021-12-13 00:40:35
541,Balykshi,47.0667,51.8667,17.6,73,0,13.42,KZ,2021-12-13 00:40:35
542,Nishihara,26.1842,127.7558,67.28,83,75,12.66,JP,2021-12-13 00:38:06
543,Sorong,-0.8833,131.25,82.26,81,100,1.72,ID,2021-12-13 00:40:35
544,Chihuahua,28.5,-106.0,63.43,36,16,6.69,MX,2021-12-13 00:36:27
545,Okitipupa,6.5047,4.7839,75.72,98,38,1.66,NG,2021-12-13 00:40:36
546,Pitimbu,-7.4706,-34.8086,79.39,77,40,11.77,BR,2021-12-13 00:40:36
547,Springbok,-29.6643,17.8865,58.01,64,100,5.7,ZA,2021-12-13 00:40:36
548,Djibo,14.1022,-1.6306,75.88,17,97,7.29,BF,2021-12-13 00:40:36
549,Tokur,53.1333,132.9,-2.7,96,100,2.75,RU,2021-12-13 00:40:37
550,Basco,20.4487,121.9702,76.24,68,4,24.02,PH,2021-12-13 00:40:37
551,Santa Lucia,27.9117,-15.5407,56.52,77,20,10.36,ES,2021-12-13 00:41:37
552,Gazanjyk,39.2446,55.5154,41.99,73,62,4.56,TM,2021-12-13 00:41:38
553,Vilyuysk,63.7553,121.6247,-19.97,97,100,6.96,RU,2021-12-13 00:36:40
554,Paka,4.6374,103.4368,78.6,82,72,10.07,MY,2021-12-13 00:41:38
555,Svetlaya,46.5389,138.3297,20.79,54,100,18.75,RU,2021-12-13 00:41:38
556,Biltine,14.5333,20.9167,73.02,17,100,7.07,TD,2021-12-13 00:41:38
557,Valparaiso,-33.0393,-71.6273,62.24,68,0,13.8,CL,2021-12-13 00:41:39
558,Namatanai,-3.6667,152.4333,86.88,65,94,6.4,PG,2021-12-13 00:41:39
559,Sterling,39.0062,-77.4286,44.13,53,1,0.0,US,2021-12-13 00:38:30
560,Sunrise Manor,36.2111,-115.0731,55.24,21,1,3.44,US,2021-12-13 00:41:39
561,Coquimbo,-29.9533,-71.3436,62.33,77,0,10.36,CL,2021-12-13 00:39:24
562,Constantine,36.365,6.6147,38.61,87,75,2.3,DZ,2021-12-13 00:40:07
563,Salaga,8.5508,-0.5188,81.91,25,38,3.36,GH,2021-12-13 00:41:40
564,Aberdeen,57.1437,-2.0981,53.2,89,90,12.66,GB,2021-12-13 00:40:55
565,Sisimiut,66.9395,-53.6735,15.39,84,22,9.31,GL,2021-12-13 00:41:40
566,Dawei,14.0833,98.2,75.65,62,11,12.73,MM,2021-12-13 00:41:40
567,Virginia Beach,36.8529,-75.978,43.02,62,1,3.44,US,2021-12-13 00:39:31
568,Tandil,-37.3217,-59.1332,59.76,48,8,6.44,AR,2021-12-13 00:41:41
569,Kiunga,-6.1219,141.2906,75.69,95,100,3.22,PG,2021-12-13 00:41:41
570,Odienne,9.51,-7.5692,72.36,31,1,1.57,CI,2021-12-13 00:41:41
571,Southbridge,42.0751,-72.0334,38.28,55,0,1.99,US,2021-12-13 00:41:41
572,Silvan,38.1419,41.0081,32.29,49,100,2.1,TR,2021-12-13 00:41:42
573,Samarai,-10.6167,150.6667,85.08,72,100,10.83,PG,2021-12-13 00:41:42
574,Aksha,50.2814,113.2867,5.47,86,29,4.09,RU,2021-12-13 00:41:42
575,Warrenton,-28.114,24.8475,66.56,75,100,4.68,ZA,2021-12-13 00:41:43
576,Takanabe,32.1333,131.5,51.69,56,55,2.17,JP,2021-12-13 00:41:43
577,Waldheim,51.0667,13.0167,41.95,93,100,9.8,DE,2021-12-13 00:41:43
578,Hun,29.1268,15.9477,48.42,56,3,6.44,LY,2021-12-13 00:41:43
579,Baicheng,45.6167,122.8167,13.89,71,3,13.98,CN,2021-12-13 00:41:44
580,Rock Sound,24.9,-76.2,78.66,76,2,13.62,BS,2021-12-13 00:41:44
581,Xining,36.6167,101.7667,21.74,30,0,2.35,CN,2021-12-13 00:41:44
582,Puerto Escondido,15.85,-97.0667,83.23,65,1,5.75,MX,2021-12-13 00:41:45
583,Turbat,26.0023,63.044,62.04,23,5,7.36,PK,2021-12-13 00:41:45
584,Datong,40.0936,113.2914,21.06,38,0,5.37,CN,2021-12-13 00:41:45
585,Mananjary,-21.2167,48.3333,72.55,89,17,0.92,MG,2021-12-13 00:41:45
586,Kefalos,36.7453,26.9589,59.22,82,75,3.44,GR,2021-12-13 00:41:46
587,Pontalina,-17.525,-49.4472,73.33,89,100,3.29,BR,2021-12-13 00:41:46
588,Yelkhovka,53.8667,50.2832,9.36,90,18,3.56,RU,2021-12-13 00:41:46
589,Pudozh,61.8099,36.5345,22.91,96,100,4.45,RU,2021-12-13 00:41:46
590,Barranca,-10.75,-77.7667,67.87,83,91,7.0,PE,2021-12-13 00:41:47
591,Helsingborg,56.0467,12.6944,41.09,97,100,3.22,SE,2021-12-13 00:39:43
